"RK",TIERS,"PLAYER NAME",TEAM,"POS","BYE","SOS","ECR VS ADP"
"1",1,"Ja'Marr Chase",CIN,"WR1","10","3 out of 5 stars","0"
"2",1,"Bijan Robinson",ATL,"RB1","5","4 out of 5 stars","0"
"3",1,"CeeDee Lamb",DAL,"WR2","10","2 out of 5 stars","+3"
"4",1,"Justin Jefferson",MIN,"WR3","6","2 out of 5 stars","+1"
"5",2,"Jahmyr Gibbs",DET,"RB2","8","2 out of 5 stars","-1"
"6",2,"Malik Nabers",NYG,"WR4","14","2 out of 5 stars","+4"
"7",2,"Puka Nacua",LAR,"WR5","8","3 out of 5 stars","0"
"8",2,"Amon-Ra St. Brown",DET,"WR6","8","3 out of 5 stars","+1"
"9",2,"Saquon Barkley",PHI,"RB3","9","3 out of 5 stars","-6"
"10",2,"Nico Collins",HOU,"WR7","6","4 out of 5 stars","+4"
"11",2,"Brian Thomas Jr.",JAC,"WR8","8","4 out of 5 stars","+4"
"12",3,"Drake London",ATL,"WR9","5","3 out of 5 stars","+9"
"13",3,"Christian McCaffrey",SF,"RB4","14","3 out of 5 stars","-5"
"14",3,"De'Von Achane",MIA,"RB5","12","4 out of 5 stars","-1"
"15",3,"A.J. Brown",PHI,"WR10","9","3 out of 5 stars","+2"
"16",3,"Brock Bowers",LV,"TE1","8","2 out of 5 stars","+2"
"17",3,"Ashton Jeanty",LV,"RB6","8","2 out of 5 stars","-5"
"18",3,"Ladd McConkey",LAC,"WR11","12","3 out of 5 stars","+7"
"19",3,"Jaxon Smith-Njigba",SEA,"WR12","8","3 out of 5 stars","+15"
"20",4,"Trey McBride",ARI,"TE2","8","5 out of 5 stars","+7"
"21",4,"Derrick Henry",BAL,"RB7","7","4 out of 5 stars","-10"
"22",4,"Garrett Wilson",NYJ,"WR13","9","4 out of 5 stars","+16"
"23",4,"Tee Higgins",CIN,"WR14","10","3 out of 5 stars","+7"
"24",4,"Josh Allen",BUF,"QB1","7","4 out of 5 stars","-1"
"25",4,"Tyreek Hill",MIA,"WR15","12","3 out of 5 stars","+3"
"26",4,"Lamar Jackson",BAL,"QB2","7","3 out of 5 stars","-6"
"27",4,"Chase Brown",CIN,"RB8","10","4 out of 5 stars","-1"
"28",4,"Bucky Irving",TB,"RB9","9","3 out of 5 stars","-6"
"29",4,"Davante Adams",LAR,"WR16","8","3 out of 5 stars","+12"
"30",4,"Josh Jacobs",GB,"RB10","5","4 out of 5 stars","-14"
"31",4,"Jonathan Taylor",IND,"RB11","11","2 out of 5 stars","-12"
"32",5,"George Kittle",SF,"TE3","14","3 out of 5 stars","+7"
"33",5,"Mike Evans",TB,"WR17","9","3 out of 5 stars","+9"
"34",5,"Jayden Daniels",WAS,"QB3","12","2 out of 5 stars","-5"
"35",5,"Marvin Harrison Jr.",ARI,"WR18","8","4 out of 5 stars","+9"
"36",5,"Kyren Williams",LAR,"RB12","8","3 out of 5 stars","-12"
"37",5,"Jalen Hurts",PHI,"QB4","9","3 out of 5 stars","-2"
"38",5,"DJ Moore",CHI,"WR19","5","2 out of 5 stars","+9"
"39",5,"Terry McLaurin",WAS,"WR20","12","3 out of 5 stars","+1"
"40",5,"Breece Hall",NYJ,"RB13","9","5 out of 5 stars","-8"
"41",5,"Alvin Kamara",NO,"RB14","11","4 out of 5 stars","-5"
"42",5,"Kenneth Walker III",SEA,"RB15","8","3 out of 5 stars","-5"
"43",5,"DK Metcalf",PIT,"WR21","5","4 out of 5 stars","+5"
"44",5,"Joe Burrow",CIN,"QB5","10","2 out of 5 stars","-11"
"45",6,"Courtland Sutton",DEN,"WR22","12","3 out of 5 stars","+7"
"46",6,"James Cook",BUF,"RB16","7","4 out of 5 stars","-15"
"47",6,"DeVonta Smith",PHI,"WR23","9","3 out of 5 stars","+7"
"48",6,"Omarion Hampton",LAC,"RB17","12","2 out of 5 stars","-5"
"49",6,"Chuba Hubbard",CAR,"RB18","14","3 out of 5 stars","-4"
"50",6,"Rashee Rice",KC,"WR24","10","3 out of 5 stars","+1"
"51",6,"James Conner",ARI,"RB19","8","3 out of 5 stars","-5"
"52",6,"Jaylen Waddle",MIA,"WR25","12","3 out of 5 stars","+23"
"53",6,"Zay Flowers",BAL,"WR26","7","3 out of 5 stars","+6"
"54",6,"Tetairoa McMillan",CAR,"WR27","14","4 out of 5 stars","+13"
"55",6,"Xavier Worthy",KC,"WR28","10","3 out of 5 stars","+1"
"56",6,"George Pickens",DAL,"WR29","10","2 out of 5 stars","+12"
"57",6,"Jameson Williams",DET,"WR30","8","3 out of 5 stars","+5"
"58",6,"Chris Olave",NO,"WR31","11","4 out of 5 stars","+20"
"59",6,"Calvin Ridley",TEN,"WR32","10","4 out of 5 stars","+11"
"60",6,"David Montgomery",DET,"RB20","8","2 out of 5 stars","-3"
"61",6,"Patrick Mahomes II",KC,"QB6","10","3 out of 5 stars","-11"
"62",6,"D'Andre Swift",CHI,"RB21","5","3 out of 5 stars","-7"
"63",7,"Travis Hunter",JAC,"WR33","8","4 out of 5 stars","+2"
"64",7,"TreVeyon Henderson",NE,"RB22","14","4 out of 5 stars","-6"
"65",7,"T.J. Hockenson",MIN,"TE4","6","3 out of 5 stars","-2"
"66",7,"Jerry Jeudy",CLE,"WR34","9","2 out of 5 stars","+10"
"67",7,"Aaron Jones Sr.",MIN,"RB23","6","3 out of 5 stars","-3"
"68",7,"Sam LaPorta",DET,"TE5","8","3 out of 5 stars","-19"
"69",7,"Baker Mayfield",TB,"QB7","9","2 out of 5 stars","-8"
"70",7,"Isiah Pacheco",KC,"RB24","10","2 out of 5 stars","-1"
"71",7,"Tony Pollard",TEN,"RB25","10","2 out of 5 stars","+2"
"72",7,"Travis Kelce",KC,"TE6","10","3 out of 5 stars","-12"
"73",7,"Stefon Diggs",NE,"WR35","14","3 out of 5 stars","+11"
"74",7,"Bo Nix",DEN,"QB8","12","4 out of 5 stars","-2"
"75",7,"Rome Odunze",CHI,"WR36","5","2 out of 5 stars","+7"
"76",7,"RJ Harvey",DEN,"RB26","12","2 out of 5 stars","-10"
"77",7,"Jakobi Meyers",LV,"WR37","8","4 out of 5 stars","+13"
"78",7,"Chris Godwin",TB,"WR38","9","3 out of 5 stars","-1"
"79",7,"Kyler Murray",ARI,"QB9","8","4 out of 5 stars","+2"
"80",7,"Evan Engram",DEN,"TE7","12","3 out of 5 stars","0"
"81",7,"Kaleb Johnson",PIT,"RB27","5","4 out of 5 stars","-10"
"82",7,"Joe Mixon",HOU,"RB28","6","2 out of 5 stars","-29"
"83",7,"David Njoku",CLE,"TE8","9","3 out of 5 stars","0"
"84",7,"Brian Robinson Jr.",WAS,"RB29","12","2 out of 5 stars","-5"
"85",8,"Justin Fields",NYJ,"QB10","9","5 out of 5 stars","+19"
"86",8,"Jaylen Warren",PIT,"RB30","5","4 out of 5 stars","+3"
"87",8,"Dak Prescott",DAL,"QB11","10","2 out of 5 stars","+14"
"88",8,"Jordan Addison",MIN,"WR39","6","2 out of 5 stars","-3"
"89",8,"Mark Andrews",BAL,"TE9","7","3 out of 5 stars","-15"
"90",8,"Jauan Jennings",SF,"WR40","14","4 out of 5 stars","+8"
"91",8,"Khalil Shakir",BUF,"WR41","7","3 out of 5 stars","+2"
"92",8,"Tyrone Tracy Jr.",NYG,"RB31","14","3 out of 5 stars","-4"
"93",8,"Josh Downs",IND,"WR42","11","4 out of 5 stars","+29"
"94",8,"Brock Purdy",SF,"QB12","14","4 out of 5 stars","+2"
"95",8,"Ricky Pearsall",SF,"WR43","14","4 out of 5 stars","+7"
"96",8,"Justin Herbert",LAC,"QB13","12","3 out of 5 stars","+12"
"97",8,"Deebo Samuel Sr.",WAS,"WR44","12","3 out of 5 stars","-10"
"98",8,"Caleb Williams",CHI,"QB14","5","2 out of 5 stars","+15"
"99",8,"Michael Pittman Jr.",IND,"WR45","11","4 out of 5 stars","+26"
"100",8,"Jared Goff",DET,"QB15","8","2 out of 5 stars","-5"
"101",8,"Jayden Reed",GB,"WR46","5","2 out of 5 stars","+6"
"102",8,"Cooper Kupp",SEA,"WR47","8","3 out of 5 stars","-16"
"103",8,"Travis Etienne Jr.",JAC,"RB32","8","2 out of 5 stars","-9"
"104",8,"Drake Maye",NE,"QB16","14","5 out of 5 stars","+37"
"105",8,"Jake Ferguson",DAL,"TE10","10","2 out of 5 stars","+30"
"106",8,"Jordan Love",GB,"QB17","5","2 out of 5 stars","+20"
"107",8,"Tucker Kraft",GB,"TE11","5","2 out of 5 stars","+2"
"108",8,"Javonte Williams",DAL,"RB33","10","2 out of 5 stars","-9"
"109",8,"Emeka Egbuka",TB,"WR48","9","3 out of 5 stars","+8"
"110",8,"Jordan Mason",MIN,"RB34","6","3 out of 5 stars","+4"
"111",8,"Zach Charbonnet",SEA,"RB35","8","3 out of 5 stars","+8"
"112",8,"Trevor Lawrence",JAC,"QB18","8","3 out of 5 stars","+52"
"113",9,"Tyjae Spears",TEN,"RB36","10","2 out of 5 stars","+19"
"114",9,"C.J. Stroud",HOU,"QB19","6","3 out of 5 stars","+19"
"115",9,"Darnell Mooney",ATL,"WR49","5","3 out of 5 stars","+13"
"116",9,"Dalton Kincaid",BUF,"TE12","7","3 out of 5 stars","+14"
"117",9,"Rhamondre Stevenson",NE,"RB37","14","4 out of 5 stars","-12"
"118",9,"Cam Skattebo",NYG,"RB38","14","3 out of 5 stars","-27"
"119",9,"Brandon Aiyuk",SF,"WR50","14","4 out of 5 stars","-1"
"120",9,"Tyler Warren",IND,"TE13","11","3 out of 5 stars","-14"
"121",9,"Najee Harris",LAC,"RB39","12","2 out of 5 stars","-6"
"122",9,"J.J. McCarthy",MIN,"QB20","6","2 out of 5 stars","+22"
"123",9,"Dallas Goedert",PHI,"TE14","9","3 out of 5 stars","+6"
"124",9,"J.K. Dobbins",DEN,"RB40","12","2 out of 5 stars","-12"
"125",9,"Matthew Golden",GB,"WR51","5","2 out of 5 stars","-28"
"126",9,"Christian Kirk",HOU,"WR52","6","4 out of 5 stars","+41"
"127",9,"Rachaad White",TB,"RB41","9","3 out of 5 stars","+4"
"128",9,"Rashid Shaheed",NO,"WR53","11","4 out of 5 stars","+23"
"129",9,"Keon Coleman",BUF,"WR54","7","3 out of 5 stars","-8"
"130",9,"Tank Bigsby",JAC,"RB42","8","2 out of 5 stars","+10"
"131",9,"Colston Loveland",CHI,"TE15","5","4 out of 5 stars","-20"
"132",9,"Tua Tagovailoa",MIA,"QB21","12","5 out of 5 stars","+30"
"133",9,"Quinshon Judkins",CLE,"RB43","9","4 out of 5 stars","-41"
"134",9,"Luther Burden III",CHI,"WR55","5","2 out of 5 stars","+31"
"135",9,"Austin Ekeler",WAS,"RB44","12","2 out of 5 stars","+2"
"136",9,"Cedric Tillman",CLE,"WR56","9","2 out of 5 stars","+66"
"137",9,"Bryce Young",CAR,"QB22","14","3 out of 5 stars","+48"
"138",9,"Matthew Stafford",LAR,"QB23","8","3 out of 5 stars","+36"
"139",9,"Michael Penix Jr.",ATL,"QB24","5","4 out of 5 stars","+37"
"140",9,"Rashod Bateman",BAL,"WR57","7","3 out of 5 stars","+28"
"141",10,"Hunter Henry",NE,"TE16","14","3 out of 5 stars","+19"
"142",10,"Jerome Ford",CLE,"RB45","9","4 out of 5 stars","+13"
"143",10,"Marquise Brown",KC,"WR58","10","3 out of 5 stars","+23"
"144",10,"Tyler Allgeier",ATL,"RB46","5","4 out of 5 stars","+17"
"145",10,"Ray Davis",BUF,"RB47","7","4 out of 5 stars","+27"
"146",10,"Jonnu Smith",PIT,"TE17","5","3 out of 5 stars","-30"
"147",10,"Marvin Mims Jr.",DEN,"WR59","12","3 out of 5 stars","+6"
"148",10,"Adam Thielen",CAR,"WR60","14","4 out of 5 stars","+31"
"149",10,"Kyle Pitts Sr.",ATL,"TE18","5","3 out of 5 stars","-13"
"150",10,"Romeo Doubs",GB,"WR61","5","2 out of 5 stars","+61"
"151",10,"Trey Benson",ARI,"RB48","8","3 out of 5 stars","+6"
"152",10,"Denver Broncos",DEN,"DST1","12","4 out of 5 stars","-49"
"153",10,"Tre' Harris",LAC,"WR62","12","3 out of 5 stars","-6"
"154",10,"Jaydon Blue",DAL,"RB49","10","2 out of 5 stars","-12"
"155",10,"Wan'Dale Robinson",NYG,"WR63","14","2 out of 5 stars","+46"
"156",10,"Geno Smith",LV,"QB25","8","3 out of 5 stars","+47"
"157",10,"Zach Ertz",WAS,"TE19","12","3 out of 5 stars","-8"
"158",10,"Jayden Higgins",HOU,"WR64","6","4 out of 5 stars","-13"
"159",10,"Braelon Allen",NYJ,"RB50","9","5 out of 5 stars","+18"
"160",10,"Isaac Guerendo",SF,"RB51","14","3 out of 5 stars","-10"
"161",10,"DeMario Douglas",NE,"WR65","14","3 out of 5 stars","+66"
"162",10,"Kyle Williams",NE,"WR66","14","3 out of 5 stars","+24"
"163",10,"Rico Dowdle",CAR,"RB52","14","3 out of 5 stars","+53"
"164",10,"Dylan Sampson",CLE,"RB53","9","4 out of 5 stars","+14"
"165",10,"Xavier Legette",CAR,"WR67","14","4 out of 5 stars","+15"
"166",10,"Jaylen Wright",MIA,"RB54","12","4 out of 5 stars","+18"
"167",10,"Philadelphia Eagles",PHI,"DST2","9","2 out of 5 stars","-57"
"168",10,"Quentin Johnston",LAC,"WR68","12","3 out of 5 stars","+40"
"169",10,"Jalen McMillan",TB,"WR69","9","3 out of 5 stars","+25"
"170",10,"Sam Darnold",SEA,"QB26","8","4 out of 5 stars","+29"
"171",10,"Cameron Ward",TEN,"QB27","10","2 out of 5 stars","+2"
"172",10,"Pittsburgh Steelers",PIT,"DST3","5","3 out of 5 stars","-48"
"173",10,"Bhayshul Tuten",JAC,"RB55","8","2 out of 5 stars","-15"
"174",10,"Baltimore Ravens",BAL,"DST4","7","3 out of 5 stars","-51"
"175",10,"Nick Chubb",HOU,"RB56","6","2 out of 5 stars","-27"
"176",10,"Roschon Johnson",CHI,"RB57","5","3 out of 5 stars","+46"
"177",10,"Brenton Strange",JAC,"TE20","8","3 out of 5 stars","+23"
"178",10,"Minnesota Vikings",MIN,"DST5","6","2 out of 5 stars","-39"
"179",11,"DeAndre Hopkins",BAL,"WR70","7","3 out of 5 stars","+38"
"180",11,"Joshua Palmer",BUF,"WR71","7","3 out of 5 stars","+62"
"181",11,"Houston Texans",HOU,"DST6","6","2 out of 5 stars","-43"
"182",11,"Brandon Aubrey",DAL,"K1","10","4 out of 5 stars","-82"
"183",11,"Buffalo Bills",BUF,"DST7","7","5 out of 5 stars","-49"
"184",11,"Kansas City Chiefs",KC,"DST8","10","1 out of 5 stars","-9"
"185",11,"Pat Freiermuth",PIT,"TE21","5","3 out of 5 stars","+12"
"186",11,"Chig Okonkwo",TEN,"TE22","10","3 out of 5 stars","+40"
"187",11,"Jake Bates",DET,"K2","8","1 out of 5 stars","-60"
"188",11,"Jalen Coker",CAR,"WR72","14","4 out of 5 stars","+145"
"189",11,"Detroit Lions",DET,"DST9","8","1 out of 5 stars","-30"
"190",11,"Jack Bech",LV,"WR73","8","4 out of 5 stars","-21"
"191",11,"Cameron Dicker",LAC,"K3","12","5 out of 5 stars","-71"
"192",11,"Keenan Allen",LAC,"WR74","12","3 out of 5 stars","-10"
"193",11,"Aaron Rodgers",PIT,"QB28","5","4 out of 5 stars","+12"
"194",11,"Mike Gesicki",CIN,"TE23","10","2 out of 5 stars","+31"
"195",11,"Blake Corum",LAR,"RB58","8","3 out of 5 stars","+50"
"196",11,"Michael Wilson",ARI,"WR75","8","4 out of 5 stars","+123"
"197",11,"Cade Otton",TB,"TE24","9","3 out of 5 stars","+1"
"198",11,"Isaiah Likely",BAL,"TE25","7","3 out of 5 stars","-28"
"199",11,"Los Angeles Chargers",LAC,"DST10","12","5 out of 5 stars","+5"
"200",11,"Ka'imi Fairbairn",HOU,"K4","6","3 out of 5 stars","-48"
"201",11,"Alec Pierce",IND,"WR76","11","4 out of 5 stars","+55"
"202",11,"Wil Lutz",DEN,"K5","12","5 out of 5 stars","-19"
"203",11,"Chris Boswell",PIT,"K6","5","1 out of 5 stars","-57"
"204",11,"Los Angeles Rams",LAR,"DST11","8","3 out of 5 stars","+2"
"205",11,"MarShawn Lloyd",GB,"RB59","5","4 out of 5 stars","+27"
"206",11,"Seattle Seahawks",SEA,"DST12","8","3 out of 5 stars","+9"
"207",11,"Chase McLaughlin",TB,"K7","9","3 out of 5 stars","-64"
"208",11,"Green Bay Packers",GB,"DST13","5","2 out of 5 stars","-21"
"209",11,"Mason Taylor",NYJ,"TE26","9","3 out of 5 stars","+34"
"210",11,"Darius Slayton",NYG,"WR77","14","2 out of 5 stars","+64"
"211",11,"Harrison Butker",KC,"K8","10","3 out of 5 stars","-57"
"212",11,"Dontayvion Wicks",GB,"WR78","5","2 out of 5 stars","+27"
"213",11,"Evan McPherson",CIN,"K9","10","1 out of 5 stars","-17"
"214",11,"Anthony Richardson Sr.",IND,"QB29","11","3 out of 5 stars","-7"
"215",11,"New York Jets",NYJ,"DST14","9","5 out of 5 stars","-6"
"216",11,"Justice Hill",BAL,"RB60","7","4 out of 5 stars","-4"
"217",11,"Adonai Mitchell",IND,"WR79","11","4 out of 5 stars","+112"
"218",11,"Tyler Bass",BUF,"K10","7","2 out of 5 stars","-47"
"219",11,"Jaylin Noel",HOU,"WR80","6","4 out of 5 stars","+59"
"220",12,"Calvin Austin III",PIT,"WR81","5","4 out of 5 stars","+32"
"221",12,"Andrei Iosivas",CIN,"WR82","10","3 out of 5 stars","+45"
"222",12,"Jake Elliott",PHI,"K11","9","2 out of 5 stars","-66"
"223",12,"Dalton Schultz",HOU,"TE27","6","3 out of 5 stars","+7"
"224",12,"Kareem Hunt",KC,"RB61","10","2 out of 5 stars","-33"
"225",12,"Tyler Lockett",TEN,"WR83","10","4 out of 5 stars","+24"
"226",12,"Elic Ayomanor",TEN,"WR84","10","4 out of 5 stars","+88"
"227",12,"San Francisco 49ers",SF,"DST15","14","5 out of 5 stars","-64"
"228",12,"Devaughn Vele",DEN,"WR85","12","3 out of 5 stars","+167"
"229",12,"Jason Sanders",MIA,"K12","12","2 out of 5 stars","-48"
"230",12,"Jaleel McLaughlin",DEN,"RB62","12","2 out of 5 stars","+63"
"231",12,"Russell Wilson",NYG,"QB30","14","1 out of 5 stars","+28"
"232",12,"Kendre Miller",NO,"RB63","11","4 out of 5 stars","+5"
"233",12,"Kyle Monangai",CHI,"RB64","5","3 out of 5 stars","+29"
"234",12,"Diontae Johnson",CLE,"WR86","9","2 out of 5 stars","+84"
"235",12,"Younghoe Koo",ATL,"K13","5","4 out of 5 stars","-43"
"236",12,"Pat Bryant",DEN,"WR87","12","3 out of 5 stars","+43"
"237",12,"Miles Sanders",DAL,"RB65","10","2 out of 5 stars","+9"
"238",12,"Will Shipley",PHI,"RB66","9","3 out of 5 stars","-4"
"239",12,"Ja'Tavion Sanders",CAR,"TE28","14","4 out of 5 stars","-3"
"240",12,"Woody Marks",HOU,"RB67","6","2 out of 5 stars","+32"
"241",12,"Dallas Cowboys",DAL,"DST16","10","0 out of 5 stars","-51"
"242",12,"DJ Giddens",IND,"RB68","11","2 out of 5 stars","+16"
"243",12,"Juwan Johnson",NO,"TE29","11","3 out of 5 stars","+69"
"244",12,"Cole Kmet",CHI,"TE30","5","4 out of 5 stars","+13"
"245",12,"Elijah Arroyo",SEA,"TE31","8","4 out of 5 stars","-16"
"246",12,"Roman Wilson",PIT,"WR88","5","4 out of 5 stars","+50"
"247",12,"Jalen Royals",KC,"WR89","10","3 out of 5 stars","+1"
"248",12,"Elijah Moore",BUF,"WR90","7","3 out of 5 stars","+101"
"249",12,"Jalen Tolbert",DAL,"WR91","10","2 out of 5 stars","+165"
"250",12,"Devin Neal",NO,"RB69","11","4 out of 5 stars","+44"
"251",12,"Brandin Cooks",NO,"WR92","11","4 out of 5 stars","+175"
"252",12,"Dyami Brown",JAC,"WR93","8","4 out of 5 stars","+30"
"253",12,"Keaton Mitchell",BAL,"RB70","7","4 out of 5 stars","+20"
"254",12,"Raheem Mostert",LV,"RB71","8","2 out of 5 stars","-23"
"255",12,"Brashard Smith",KC,"RB72","10","2 out of 5 stars","+20"
"256",12,"Elijah Mitchell",KC,"RB73","10","2 out of 5 stars","+5"
"257",12,"Tahj Brooks",CIN,"RB74","10","4 out of 5 stars","+28"
"258",12,"Jarquez Hunter",LAR,"RB75","8","3 out of 5 stars","+26"
"259",12,"Kayshon Boutte",NE,"WR94","14","3 out of 5 stars","+42"
"260",12,"Malik Washington",MIA,"WR95","12","3 out of 5 stars","+307"
"261",12,"Nick Westbrook-Ikhine",MIA,"WR96","12","3 out of 5 stars","+170"
"262",12,"Joshua Karty",LAR,"K14","8","2 out of 5 stars","-12"
"263",12,"Matt Gay",WAS,"K15","12","3 out of 5 stars","-44"
"264",12,"Tampa Bay Buccaneers",TB,"DST17","9","3 out of 5 stars","-44"
"265",12,"Audric Estime",DEN,"RB76","12","2 out of 5 stars","-12"
"266",12,"Antonio Gibson",NE,"RB77","14","4 out of 5 stars","+40"
"267",12,"Cleveland Browns",CLE,"DST18","9","3 out of 5 stars","-27"
"268",12,"Daniel Jones",IND,"QB31","11","3 out of 5 stars","+69"
"269",13,"Trevor Etienne",CAR,"RB78","14","3 out of 5 stars","-2"
"270",13,"Kenneth Gainwell",PIT,"RB79","5","4 out of 5 stars","+134"
"271",13,"Devin Singletary",NYG,"RB80","14","3 out of 5 stars","+121"
"272",13,"Harold Fannin Jr.",CLE,"TE32","9","3 out of 5 stars","+73"
"273",13,"Amari Cooper",FA,"WR97","-","-","+80"
"274",13,"Parker Washington",JAC,"WR98","8","4 out of 5 stars","+210"
"275",13,"Ty Johnson",BUF,"RB81","7","4 out of 5 stars","+172"
"276",13,"Ollie Gordon II",MIA,"RB82","12","4 out of 5 stars","+1"
"277",13,"Tre Tucker",LV,"WR99","8","4 out of 5 stars","+139"
"278",13,"Noah Gray",KC,"TE33","10","3 out of 5 stars","-10"
"279",13,"Joe Flacco",CLE,"QB32","9","2 out of 5 stars","+1"
"280",13,"Theo Johnson",NYG,"TE34","14","2 out of 5 stars","+42"
"281",13,"Tim Patrick",DET,"WR100","8","3 out of 5 stars","+46"
"282",13,"Sean Tucker",TB,"RB83","9","3 out of 5 stars","+33"
"283",13,"Dont'e Thornton Jr.",LV,"WR101","8","4 out of 5 stars","-36"
"284",13,"Tyler Shough",NO,"QB33","11","5 out of 5 stars","+46"
"285",13,"Xavier Restrepo",TEN,"WR102","10","4 out of 5 stars","+53"
"286",13,"Jacory Croskey-Merritt",WAS,"RB84","12","2 out of 5 stars","-63"
"287",13,"Jordan James",SF,"RB85","14","3 out of 5 stars","-11"
"288",13,"Jalen Nailor",MIN,"WR103","6","2 out of 5 stars","+17"
"289",13,"Isaiah Davis",NYJ,"RB86","9","5 out of 5 stars","+464"
"290",13,"Tory Horton",SEA,"WR104","8","3 out of 5 stars","-2"
"291",13,"Khalil Herbert",IND,"RB87","11","2 out of 5 stars","+194"
"292",13,"Dameon Pierce",HOU,"RB88","6","2 out of 5 stars","+71"
"293",13,"Noah Fant",CIN,"TE35","10","2 out of 5 stars","-10"
"294",13,"Luke McCaffrey",WAS,"WR105","12","3 out of 5 stars","+23"
"295",13,"Alexander Mattison",MIA,"RB89","12","4 out of 5 stars","+14"
"296",13,"Darren Waller",MIA,"TE36","12","3 out of 5 stars","-108"
"297",13,"Taysom Hill",NO,"TE37","11","3 out of 5 stars","-64"
"298",13,"Chicago Bears",CHI,"DST19","5","2 out of 5 stars","-80"
"299",13,"Jaxson Dart",NYG,"QB34","14","1 out of 5 stars","-45"
"300",13,"Christian Watson",GB,"WR106","5","2 out of 5 stars","+35"
"301",13,"Terrance Ferguson",LAR,"TE38","8","4 out of 5 stars","-20"
"302",13,"Sincere McCormick",LV,"RB90","8","2 out of 5 stars","+180"
"303",13,"Kimani Vidal",LAC,"RB91","12","2 out of 5 stars","+224"
"304",13,"Daniel Carlson",LV,"K16","8","3 out of 5 stars","-76"
"305",13,"Isaac TeSlaa",DET,"WR107","8","3 out of 5 stars","-70"
"306",13,"Oronde Gadsden II",LAC,"TE39","12","3 out of 5 stars","+103"
"307",13,"Jermaine Burton",CIN,"WR108","10","3 out of 5 stars","+60"
"308",13,"Gabe Davis",FA,"WR109","-","-","-"
"309",13,"Damien Martinez",SEA,"RB92","8","3 out of 5 stars","+135"
"310",13,"Zack Moss",FA,"RB93","-","-","-59"
"311",13,"Chris Brooks",GB,"RB94","5","4 out of 5 stars","+212"
"312",13,"Ty Chandler",MIN,"RB95","6","3 out of 5 stars","+59"
"313",13,"Jason Myers",SEA,"K17","8","5 out of 5 stars","-26"
"314",13,"Tez Johnson",TB,"WR110","9","3 out of 5 stars","+126"
"315",13,"Tyler Higbee",LAR,"TE40","8","4 out of 5 stars","-44"
"316",14,"Will Reichard",MIN,"K18","6","0 out of 5 stars","-103"
"317",14,"Emanuel Wilson",GB,"RB96","5","4 out of 5 stars","+139"
"318",14,"Shedeur Sanders",CLE,"QB35","9","2 out of 5 stars","-77"
"319",14,"Chris Rodriguez Jr.",WAS,"RB97","12","2 out of 5 stars","+313"
"320",14,"Tutu Atwell",LAR,"WR111","8","3 out of 5 stars","+12"
"321",14,"Will Dissly",LAC,"TE41","12","3 out of 5 stars","+25"
"322",14,"New England Patriots",NE,"DST20","14","4 out of 5 stars","-127"
"323",14,"Ben Sinnott",WAS,"TE42","12","3 out of 5 stars","+67"
"324",14,"Phil Mafah",DAL,"RB98","10","2 out of 5 stars","+456"
"325",14,"Tyler Conklin",LAC,"TE43","12","3 out of 5 stars","-9"
"326",14,"Raheim Sanders",LAC,"RB99","12","2 out of 5 stars","-"
"327",14,"Miami Dolphins",MIA,"DST21","12","2 out of 5 stars","-67"
"328",14,"Arizona Cardinals",ARI,"DST22","8","4 out of 5 stars","-118"
"329",14,"Justin Tucker",FA,"K19","-","-","-64"
"330",14,"Zamir White",LV,"RB100","8","2 out of 5 stars","+24"
"331",14,"Ray-Ray McCloud III",ATL,"WR112","5","3 out of 5 stars","-5"
"332",14,"Tyler Loop",BAL,"K20","7","2 out of 5 stars","-111"
"333",14,"Josh Reynolds",NYJ,"WR113","9","4 out of 5 stars","+322"
"334",14,"John Metchie III",HOU,"WR114","6","4 out of 5 stars","+217"
"335",14,"Jalen Milroe",SEA,"QB36","8","4 out of 5 stars","-66"
"336",14,"Jordan Whittington",LAR,"WR115","8","3 out of 5 stars","+28"
"337",14,"Gus Edwards",FA,"RB101","-","-","-"
"338",14,"Tai Felton",MIN,"WR116","6","2 out of 5 stars","+129"
"339",14,"A.J. Dillon",PHI,"RB102","9","3 out of 5 stars","-39"
"340",14,"Noah Brown",WAS,"WR117","12","3 out of 5 stars","+123"
"341",14,"Demarcus Robinson",SF,"WR118","14","4 out of 5 stars","+120"
"342",14,"Samaje Perine",CIN,"RB103","10","4 out of 5 stars","-50"
"343",14,"Michael Mayer",LV,"TE44","8","2 out of 5 stars","-9"
"344",14,"Spencer Rattler",NO,"QB37","11","5 out of 5 stars","+59"
"345",14,"Dawson Knox",BUF,"TE45","7","3 out of 5 stars","-50"
"346",14,"Marquez Valdes-Scantling",SEA,"WR119","8","3 out of 5 stars","-18"
"347",14,"KaVontae Turpin",DAL,"WR120","10","2 out of 5 stars","-44"
"348",14,"Isaiah Bond",FA,"WR121","-","-","-"
"349",14,"Cam Akers",NO,"RB104","11","4 out of 5 stars","+99"
"350",14,"Jake Moody",SF,"K21","14","5 out of 5 stars","-136"
"351",14,"Savion Williams",GB,"WR122","5","2 out of 5 stars","+111"
"352",14,"Troy Franklin",DEN,"WR123","12","3 out of 5 stars","-62"
"353",14,"New York Giants",NYG,"DST23","14","1 out of 5 stars","-160"
"354",14,"Eddy Pineiro",FA,"K22","-","-","+95"
"355",14,"Luke Musgrave",GB,"TE46","5","2 out of 5 stars","-35"
"356",14,"AJ Barner",SEA,"TE47","8","4 out of 5 stars","-35"
"357",14,"Tank Dell",HOU,"WR124","6","4 out of 5 stars","-58"
"358",14,"Chimere Dike",TEN,"WR125","10","4 out of 5 stars","+550"
"359",14,"Brandon McManus",GB,"K23","5","3 out of 5 stars","-135"
"360",14,"Curtis Samuel",BUF,"WR126","7","3 out of 5 stars","+73"
"361",14,"Kirk Cousins",ATL,"QB38","5","4 out of 5 stars","-54"
"362",14,"Donovan Edwards",NYJ,"RB105","9","5 out of 5 stars","+283"
"363",14,"Jaylin Lane",WAS,"WR127","12","3 out of 5 stars","+78"
"364",14,"Jameis Winston",NYG,"QB39","14","1 out of 5 stars","-22"
"365",14,"Washington Commanders",WAS,"DST24","12","4 out of 5 stars","-176"
"366",14,"Robert Woods",PIT,"WR128","5","4 out of 5 stars","+12"
"367",14,"Matt Prater",FA,"K24","-","-","+144"
"368",15,"Dillon Gabriel",CLE,"QB40","9","2 out of 5 stars","+273"
"369",15,"Greg Dortch",ARI,"WR129","8","4 out of 5 stars","+134"
"370",15,"Gunnar Helm",TEN,"TE48","10","3 out of 5 stars","+176"
"371",15,"Mack Hollins",NE,"WR130","14","3 out of 5 stars","-11"
"372",15,"Kenny Pickett",CLE,"QB41","9","2 out of 5 stars","+141"
"373",15,"LeQuint Allen Jr.",JAC,"RB106","8","2 out of 5 stars","+193"
"374",15,"KeAndre Lambert-Smith",LAC,"WR131","12","3 out of 5 stars","+1"
"375",15,"Austin Hooper",NE,"TE49","14","3 out of 5 stars","-24"
"376",15,"Allen Lazard",NYJ,"WR132","9","4 out of 5 stars","+46"
"377",15,"Theo Wease Jr.",MIA,"WR133","12","3 out of 5 stars","-"
"378",15,"Van Jefferson",TEN,"WR134","10","4 out of 5 stars","+131"
"379",15,"Antwane Wells Jr.",NYG,"WR135","14","2 out of 5 stars","-"
"380",15,"Luke Schoonmaker",DAL,"TE50","10","2 out of 5 stars","+3"
"381",15,"Cam Little",JAC,"K25","8","5 out of 5 stars","-90"
"382",15,"Emari Demercado",ARI,"RB107","8","3 out of 5 stars","+252"
"383",15,"Trey Sermon",PIT,"RB108","5","4 out of 5 stars","+234"
"384",15,"Jahan Dotson",PHI,"WR136","9","3 out of 5 stars","-73"
"385",15,"Hunter Renfrow",CAR,"WR137","14","4 out of 5 stars","-62"
"386",15,"Tommy Tremble",CAR,"TE51","14","4 out of 5 stars","+68"
"387",15,"Jacob Cowing",SF,"WR138","14","4 out of 5 stars","+142"
"388",15,"Olamide Zaccheaus",CHI,"WR139","5","2 out of 5 stars","+8"
"389",15,"Indianapolis Colts",IND,"DST25","11","4 out of 5 stars","-145"
"390",15,"Ameer Abdullah",SF,"RB109","14","3 out of 5 stars","+416"
"391",15,"Ja'Quinden Jackson",JAC,"RB110","8","2 out of 5 stars","+252"
"392",15,"Cincinnati Bengals",CIN,"DST26","10","2 out of 5 stars","-154"
"393",15,"Kalel Mullings",TEN,"RB111","10","2 out of 5 stars","+516"
"394",15,"Jordan Watkins",SF,"WR140","14","4 out of 5 stars","+264"
"395",15,"Chad Ryland",ARI,"K26","8","3 out of 5 stars","-70"
"396",15,"Kyle Juszczyk",SF,"RB112","14","3 out of 5 stars","-11"
"397",15,"Foster Moreau",NO,"TE52","11","3 out of 5 stars","+197"
"398",15,"Deshaun Watson",CLE,"QB42","9","2 out of 5 stars","-42"
"399",15,"Malachi Corley",NYJ,"WR141","9","4 out of 5 stars","+143"
"400",15,"Cade Stover",HOU,"TE53","6","3 out of 5 stars","+213"
"401",15,"Michael Gallup",WAS,"WR142","12","3 out of 5 stars","+156"
"402",15,"Bub Means",NO,"WR143","11","4 out of 5 stars","+122"
"403",15,"Jonathan Mingo",DAL,"WR144","10","2 out of 5 stars","+136"
"404",15,"Kendrick Bourne",NE,"WR145","14","3 out of 5 stars","+7"
"405",15,"Cairo Santos",CHI,"K27","5","1 out of 5 stars","-119"
"406",15,"Mason Rudolph",PIT,"QB43","5","4 out of 5 stars","+9"
"407",15,"Jonathon Brooks",CAR,"RB113","14","3 out of 5 stars","+152"
"408",15,"JuJu Smith-Schuster",KC,"WR146","10","3 out of 5 stars","-95"
"409",15,"Devontez Walker",BAL,"WR147","7","3 out of 5 stars","+51"
"410",15,"Atlanta Falcons",ATL,"DST27","5","3 out of 5 stars","-121"
"411",15,"Zay Jones",ARI,"WR148","8","4 out of 5 stars","+396"
"412",15,"Tyrod Taylor",NYJ,"QB44","9","5 out of 5 stars","+234"
"413",15,"Javon Baker",NE,"WR149","14","3 out of 5 stars","+195"
"414",15,"Craig Reynolds",DET,"RB114","8","2 out of 5 stars","-52"
"415",15,"Jalin Hyatt",NYG,"WR150","14","2 out of 5 stars","-26"
"416",15,"Grant Calcaterra",PHI,"TE54","9","3 out of 5 stars","-80"
"417",15,"Ja'Lynn Polk",NE,"WR151","14","3 out of 5 stars","+334"
"418",15,"Blake Grupe",NO,"K28","11","5 out of 5 stars","-120"
"419",15,"Jamari Thrash",CLE,"WR152","9","2 out of 5 stars","+103"
"420",15,"KhaDarel Hodge",ATL,"WR153","5","3 out of 5 stars","+247"
"421",15,"Joe Milton III",DAL,"QB45","10","2 out of 5 stars","-81"
"422",15,"Clyde Edwards-Helaire",NO,"RB115","11","4 out of 5 stars","+53"
"423",15,"Josh Oliver",MIN,"TE55","6","3 out of 5 stars","-65"
"424",15,"Jake Bobo",SEA,"WR154","8","3 out of 5 stars","-72"
"425",15,"Jeremy Ruckert",NYJ,"TE56","9","3 out of 5 stars","+76"
"426",15,"Arian Smith",NYJ,"WR155","9","4 out of 5 stars","+184"
"427",15,"Kalif Raymond",DET,"WR156","8","3 out of 5 stars","-66"
"428",15,"Alec Ingold",MIA,"RB116","12","4 out of 5 stars","+240"
"429",15,"Aidan O'Connell",LV,"QB46","8","3 out of 5 stars","-10"
"430",15,"New Orleans Saints",NO,"DST28","11","4 out of 5 stars","-167"
"431",15,"Jake Haener",NO,"QB47","11","5 out of 5 stars","+295"
"432",15,"Darnell Washington",PIT,"TE57","5","3 out of 5 stars","-101"
"433",15,"Marcus Yarns",NO,"RB117","11","4 out of 5 stars","+366"
"434",15,"D'Ernest Johnson",BAL,"RB118","7","4 out of 5 stars","+386"
"435",16,"Greg Dulcich",NYG,"TE58","14","2 out of 5 stars","+404"
"436",16,"Graham Gano",NYG,"K29","14","0 out of 5 stars","-134"
"437",16,"Mitchell Evans",CAR,"TE59","14","4 out of 5 stars","-3"
"438",16,"Stone Smartt",NYJ,"TE60","9","3 out of 5 stars","+187"
"439",16,"Jimmy Horn Jr.",CAR,"WR157","14","4 out of 5 stars","-129"
"440",16,"Marcus Mariota",WAS,"QB48","12","2 out of 5 stars","+18"
"441",16,"Julian Hill",MIA,"TE61","12","3 out of 5 stars","-75"
"442",16,"Rondale Moore",MIN,"WR158","6","2 out of 5 stars","+49"
"443",16,"Zach Wilson",MIA,"QB49","12","5 out of 5 stars","+25"
"444",16,"Cordarrelle Patterson",FA,"RB119","-","-","+154"
"445",16,"Will Howard",PIT,"QB50","5","4 out of 5 stars","-98"
"446",16,"Michael Carter",ARI,"RB120","8","3 out of 5 stars","+248"
"447",16,"Malik Willis",GB,"QB51","5","2 out of 5 stars","-67"
"448",16,"Jimmy Garoppolo",LAR,"QB52","8","3 out of 5 stars","-55"
"449",16,"Elijah Higgins",ARI,"TE62","8","5 out of 5 stars","-63"
"450",16,"DJ Chark Jr.",ATL,"WR159","5","3 out of 5 stars","+44"
"451",16,"Sam Howell",MIN,"QB53","6","2 out of 5 stars","+45"
"452",16,"Pierre Strong Jr.",CLE,"RB121","9","4 out of 5 stars","+252"
"453",16,"Dare Ogunbowale",HOU,"RB122","6","2 out of 5 stars","+131"
"454",16,"David Bell",CLE,"WR160","9","2 out of 5 stars","-"
"455",16,"Patrick Taylor Jr.",SF,"RB123","14","3 out of 5 stars","+88"
"456",16,"K.J. Osborn",WAS,"WR161","12","3 out of 5 stars","+122"
"457",16,"Jeremy McNichols",WAS,"RB124","12","2 out of 5 stars","+63"
"458",16,"Ronnie Rivers",LAR,"RB125","8","3 out of 5 stars","+261"
"459",16,"Deuce Vaughn",DAL,"RB126","10","2 out of 5 stars","-71"
"460",16,"Jake Browning",CIN,"QB54","10","2 out of 5 stars","+88"
"461",16,"Chris Tyree",NO,"RB127","11","4 out of 5 stars","+337"
"462",16,"Tyler Johnson",NYJ,"WR162","9","4 out of 5 stars","+221"
"463",16,"Tyler Goodson",IND,"RB128","11","2 out of 5 stars","+160"
"464",16,"Treylon Burks",TEN,"WR163","10","4 out of 5 stars","+238"
"465",16,"Josh Whyle",TEN,"TE63","10","3 out of 5 stars","+163"
"466",16,"Mac Jones",SF,"QB55","14","4 out of 5 stars","-75"
"467",16,"Julius Chestnut",TEN,"RB129","10","2 out of 5 stars","-17"
"468",16,"Kylen Granson",PHI,"TE64","9","3 out of 5 stars","+222"
"469",16,"Michael Burton",DEN,"RB130","12","2 out of 5 stars","+66"
"470",16,"Harrison Bryant",PHI,"TE65","9","3 out of 5 stars","+209"
"471",16,"Hassan Haskins",LAC,"RB131","12","2 out of 5 stars","+9"
"472",16,"Ezekiel Elliott",FA,"RB132","-","-","-62"
"473",16,"Brevin Jordan",HOU,"TE66","6","3 out of 5 stars","+139"
"474",16,"DeeJay Dallas",ARI,"RB133","8","3 out of 5 stars","+208"
"475",16,"Derius Davis",LAC,"WR164","12","3 out of 5 stars","+155"
"476",16,"Carson Steele",KC,"RB134","10","2 out of 5 stars","-106"
"477",16,"John Bates",WAS,"TE67","12","3 out of 5 stars","+63"
"478",16,"Cedrick Wilson Jr.",NO,"WR165","11","4 out of 5 stars","+187"
"479",16,"Dylan Laube",LV,"RB135","8","2 out of 5 stars","+270"
"480",16,"Cooper Rush",BAL,"QB56","7","3 out of 5 stars","-79"
"481",16,"Tyler Badie",DEN,"RB136","12","2 out of 5 stars","+69"
"482",16,"Taylor Heinicke",LAC,"QB57","12","3 out of 5 stars","+168"
"483",16,"Scotty Miller",PIT,"WR166","5","4 out of 5 stars","+105"
"484",16,"Johnny Mundt",JAC,"TE68","8","3 out of 5 stars","+173"